{"stat.killEntity.EntityHorse":1,"stat.useItem.356":187,"stat.leaveGame":14,"stat.killEntity.PigZombie":13,"stat.swimOneCm":197501,"stat.useItem.126":1027,"stat.climbOneCm":72376,"stat.entityKilledBy.PigZombie":6,"achievement.exploreAllBiomes":{"value":0,"progress":["Plains"]},"stat.useItem.331":535,"stat.useItem.330":6,"stat.mineBlock.1":1,"stat.killEntity.Enderman":3,"stat.flyOneCm":8104869,"stat.useItem.106":827,"stat.killEntity.MushroomCow":5,"stat.useItem.109":804,"stat.killEntity.Wolf":180,"stat.killEntity.Creeper":5,"stat.useItem.321":125,"stat.useItem.324":10,"stat.useItem.323":36,"stat.killEntity.Squid":1,"stat.useItem.86":4,"stat.useItem.89":3616,"stat.useItem.85":1,"achievement.openInventory":540,"stat.entityKilledBy.Creeper":2,"stat.useItem.97":10,"stat.deaths":46,"stat.drop":114,"stat.useItem.95":531,"stat.useItem.96":4,"stat.playOneMinute":5973871,"stat.killEntity.Sheep":2,"stat.entityKilledBy.Slime":3,"stat.breakItem.268":1,"stat.killEntity.Zombie":9,"stat.diveOneCm":366520,"stat.useItem.65":117,"stat.killEntity.Slime":8,"stat.useItem.69":32,"stat.mineBlock.89":5,"stat.useItem.76":16,"stat.useItem.77":5,"stat.jump":3687,"stat.fallOneCm":177837,"stat.useItem.70":5,"stat.useItem.404":43,"stat.useItem.42":22,"stat.useItem.175":6,"stat.damageTaken":50095,"stat.useItem.49":234,"stat.useItem.53":2,"stat.useItem.54":2,"stat.useItem.50":122,"stat.useItem.52":4,"stat.entityKilledBy.Zombie":4,"stat.damageDealt":47670,"stat.killEntity.Silverfish":44,"stat.useItem.20":54,"stat.useItem.274":3,"stat.useItem.152":2,"stat.useItem.276":365,"stat.useItem.22":1901,"stat.useItem.397":176,"stat.useItem.23":9,"stat.walkOneCm":3969944,"stat.useItem.278":1,"stat.useItem.159":2,"stat.useItem.29":29,"stat.killEntity.LavaSlime":2,"stat.useItem.24":34,"stat.useItem.31":31,"stat.useItem.287":5,"stat.useItem.33":1,"stat.useItem.30":126,"stat.mineBlock.50":2,"stat.useItem.35":3131,"stat.useItem.131":6,"stat.killEntity.Skeleton":1,"stat.useItem.137":100,"stat.useItem.259":29,"stat.killEntity.Chicken":9,"stat.killEntity.Spider":1,"stat.mobKills":322,"stat.mineBlock.20":2,"stat.useItem.383":1041,"stat.useItem.7":1,"stat.useItem.267":64,"stat.useItem.145":7,"stat.useItem.268":61,"stat.useItem.389":17,"stat.useItem.1":7252,"stat.entityKilledBy.Silverfish":3,"stat.useItem.4":28,"stat.useItem.5":1,"stat.useItem.3":63,"stat.useItem.18":2,"stat.mineBlock.30":1,"stat.useItem.19":12,"stat.useItem.272":82}