{"stat.useItem.152":2,"stat.useItem.133":21,"stat.useItem.89":234,"stat.walkOneCm":377719,"stat.useItem.138":1,"achievement.openInventory":22,"stat.killEntity.Chicken":2,"stat.leaveGame":1,"stat.mobKills":5,"stat.useItem.160":2,"stat.useItem.383":8,"stat.flyOneCm":472439,"stat.drop":8,"stat.jump":278,"stat.useItem.95":63,"stat.swimOneCm":90947,"stat.useItem.323":1,"stat.playOneMinute":178504,"stat.useItem.1":699,"stat.climbOneCm":269,"stat.damageDealt":650,"stat.useItem.35":414,"stat.useItem.57":226,"achievement.exploreAllBiomes":{"value":0,"progress":["Plains"]},"stat.diveOneCm":97662}