{"stat.useItem.42":209,"stat.useItem.86":41,"stat.useItem.331":141,"stat.useItem.89":2992,"stat.useItem.23":2,"stat.useItem.154":1,"stat.walkOneCm":1246488,"stat.killEntity.EntityHorse":1,"achievement.openInventory":31,"stat.leaveGame":1,"stat.damageTaken":380,"stat.killEntity.Wolf":1,"stat.mobKills":8,"stat.useItem.383":693,"stat.flyOneCm":980816,"stat.deaths":1,"stat.drop":34,"stat.jump":311,"stat.swimOneCm":24562,"stat.useItem.95":2,"stat.playOneMinute":306945,"stat.fallOneCm":484,"stat.useItem.3":1,"stat.damageDealt":1550,"stat.entityKilledBy.Enderman":1,"achievement.exploreAllBiomes":{"value":0,"progress":["Plains"]},"stat.diveOneCm":117433}