{"stat.useItem.20":17,"stat.useItem.65":22,"stat.useItem.276":17,"stat.useItem.67":10,"stat.useItem.89":6,"stat.useItem.45":257,"stat.walkOneCm":311896,"stat.playerKills":1,"achievement.openInventory":36,"stat.killEntity.Chicken":1,"stat.leaveGame":1,"stat.damageTaken":1310,"stat.killEntity.Wolf":18,"stat.mobKills":19,"stat.useItem.47":43,"stat.useItem.54":3,"stat.flyOneCm":508894,"stat.deaths":1,"stat.useItem.146":1,"stat.useItem.267":9,"stat.drop":2,"stat.jump":336,"stat.swimOneCm":5269,"stat.useItem.324":4,"stat.useItem.323":4,"stat.playOneMinute":248642,"stat.useItem.106":506,"stat.climbOneCm":7650,"stat.useItem.1":555,"stat.fallOneCm":16349,"stat.useItem.108":2,"stat.useItem.4":1,"stat.useItem.109":11,"stat.useItem.5":324,"stat.damageDealt":2160,"achievement.exploreAllBiomes":{"value":0,"progress":["Plains"]},"stat.useItem.35":221,"stat.diveOneCm":7253}