{"stat.useItem.152":1,"stat.useItem.331":140,"stat.useItem.67":1,"stat.walkOneCm":33932,"stat.useItem.137":27,"stat.useItem.356":31,"achievement.openInventory":51,"stat.leaveGame":1,"stat.damageTaken":-2,"stat.useItem.29":1,"stat.useItem.76":21,"stat.flyOneCm":455303,"stat.useItem.77":3,"stat.useItem.33":1,"stat.deaths":2,"stat.useItem.146":1,"stat.drop":1,"stat.useItem.145":4,"stat.jump":104,"stat.swimOneCm":899,"stat.playOneMinute":123413,"stat.useItem.106":4,"stat.climbOneCm":6517,"stat.useItem.1":27,"stat.useItem.404":36,"stat.useItem.70":2,"achievement.exploreAllBiomes":{"value":0,"progress":["Plains"]},"stat.useItem.35":199,"stat.diveOneCm":124}