{"stat.flyOneCm":31365,"stat.deaths":1,"stat.walkOneCm":32489,"stat.drop":17,"stat.jump":78,"stat.swimOneCm":8496,"stat.playOneMinute":25075,"achievement.openInventory":4,"stat.fallOneCm":3159,"stat.climbOneCm":3740,"stat.entityKilledBy.Zombie":1,"stat.horseOneCm":67802,"stat.killEntity.MushroomCow":1,"stat.killEntity.Sheep":1,"stat.killEntity.Chicken":2,"stat.damageTaken":1325,"stat.damageDealt":1020,"stat.killEntity.Zombie":4,"stat.mobKills":20,"stat.killEntity.Pig":2,"achievement.exploreAllBiomes":{"value":0,"progress":["Plains"]},"stat.killEntity.Creeper":4,"stat.diveOneCm":1428}