{"stat.useItem.274":6,"stat.walkOneCm":245709,"stat.leaveGame":1,"stat.killEntity.Slime":1,"stat.useItem.283":13,"stat.jump":191,"stat.swimOneCm":2466,"stat.climbOneCm":6086,"stat.fallOneCm":3488,"stat.entityKilledBy.PigZombie":3,"achievement.exploreAllBiomes":{"value":0,"progress":["Plains"]},"stat.useItem.35":4,"stat.useItem.42":4,"stat.useItem.86":1,"achievement.openInventory":26,"stat.damageTaken":6595,"stat.killEntity.Spider":1,"stat.mobKills":30,"stat.useItem.383":73,"stat.flyOneCm":183530,"stat.deaths":5,"stat.useItem.267":66,"stat.drop":3,"stat.playOneMinute":156538,"stat.useItem.1":6,"stat.damageDealt":5450,"stat.killEntity.Zombie":2,"stat.killEntity.Silverfish":25,"stat.diveOneCm":1172}