{"stat.useItem.20":98,"stat.useItem.276":20,"stat.walkOneCm":143579,"stat.useItem.356":22,"stat.leaveGame":4,"stat.useItem.76":6,"stat.useItem.77":1,"stat.jump":159,"stat.swimOneCm":4839,"stat.climbOneCm":401,"stat.entityKilledBy.PigZombie":1,"achievement.exploreAllBiomes":{"value":0,"progress":["Plains"]},"stat.useItem.35":39,"stat.useItem.42":5,"stat.useItem.86":1,"stat.useItem.331":4,"stat.useItem.45":234,"stat.useItem.137":9,"stat.useItem.85":19,"achievement.openInventory":69,"stat.damageTaken":-2147482573,"stat.mobKills":6,"stat.useItem.383":21,"stat.flyOneCm":834829,"stat.deaths":6,"stat.drop":3,"stat.useItem.145":2,"stat.playOneMinute":136914,"stat.useItem.1":11,"stat.damageDealt":1680,"stat.killEntity.Zombie":6,"stat.diveOneCm":11547}