{"stat.useItem.131":2,"stat.useItem.331":42,"stat.useItem.22":8,"stat.walkOneCm":35291,"stat.useItem.137":43,"stat.useItem.356":44,"achievement.openInventory":32,"stat.leaveGame":1,"stat.damageTaken":2147483647,"stat.useItem.76":13,"stat.useItem.33":3,"stat.flyOneCm":435433,"stat.deaths":1,"stat.useItem.145":4,"stat.drop":24,"stat.jump":102,"stat.swimOneCm":1167,"stat.playOneMinute":99280,"stat.useItem.1":83,"stat.climbOneCm":5664,"stat.useItem.404":9,"stat.useItem.70":2,"achievement.exploreAllBiomes":{"value":0,"progress":["Plains"]},"stat.useItem.35":96,"stat.diveOneCm":1142}