{"stat.useItem.383":1,"stat.flyOneCm":323984,"stat.useItem.276":18,"stat.deaths":4,"stat.walkOneCm":146929,"stat.killEntity.PigZombie":10,"stat.drop":11,"stat.jump":240,"stat.swimOneCm":5485,"stat.playOneMinute":116826,"achievement.openInventory":50,"stat.climbOneCm":7628,"stat.fallOneCm":1012,"stat.damageTaken":-2147480687,"stat.damageDealt":1829,"stat.killEntity.Zombie":11,"stat.killEntity.Silverfish":2,"stat.mobKills":39,"achievement.exploreAllBiomes":{"value":0,"progress":["Plains"]},"stat.killEntity.Creeper":7,"stat.diveOneCm":1077,"stat.entityKilledBy.Creeper":3}