{"stat.useItem.152":2,"stat.useItem.65":4,"stat.walkOneCm":305018,"stat.useItem.356":95,"stat.leaveGame":1,"stat.killEntity.Wolf":241,"stat.useItem.29":11,"stat.useItem.76":1,"stat.useItem.77":40,"stat.useItem.287":2,"stat.jump":241,"stat.swimOneCm":150,"stat.useItem.323":3,"stat.climbOneCm":3034,"stat.fallOneCm":6859,"stat.useItem.70":3,"achievement.exploreAllBiomes":{"value":0,"progress":["Plains"]},"stat.useItem.35":536,"stat.useItem.131":5,"stat.useItem.331":522,"stat.useItem.89":32,"stat.useItem.137":86,"achievement.openInventory":51,"stat.damageTaken":-2147481943,"stat.mobKills":269,"stat.flyOneCm":920759,"stat.deaths":6,"stat.drop":3,"stat.playOneMinute":296215,"stat.useItem.1":69,"stat.entityKilledBy.Zombie":1,"stat.damageDealt":590,"stat.diveOneCm":463,"stat.mineBlock.77":2}