{"stat.useItem.383":1,"stat.flyOneCm":72990,"stat.walkOneCm":85524,"stat.drop":6,"stat.jump":76,"stat.swimOneCm":8013,"stat.killEntity.EntityHorse":1,"stat.playOneMinute":33515,"stat.killEntity.Witch":1,"achievement.openInventory":20,"stat.fallOneCm":211,"stat.climbOneCm":248,"stat.killEntity.Sheep":1,"stat.killEntity.Chicken":13,"stat.damageTaken":135,"stat.damageDealt":2492,"stat.mobKills":25,"achievement.exploreAllBiomes":{"value":0,"progress":["Plains"]},"stat.killEntity.Creeper":3,"stat.diveOneCm":6031}