{"stat.damageDealt":1005,"stat.useItem.3":289,"achievement.exploreAllBiomes":{"value":0,"progress":["Plains"]},"achievement.openInventory":7,"stat.useItem.95":176,"stat.flyOneCm":109679,"stat.drop":8,"stat.damageTaken":-2147474484,"stat.playOneMinute":120480,"stat.leaveGame":2,"stat.killEntity.Spider":2,"stat.killEntity.Slime":4,"stat.entityKilledBy.Slime":4,"stat.deaths":7,"stat.jump":95,"stat.mineBlock.3":10,"stat.useItem.1":290,"stat.mobKills":7,"stat.entityKilledBy.Zombie":1,"stat.walkOneCm":195834,"stat.killEntity.Zombie":1}