{"stat.useItem.274":16,"stat.useItem.22":141,"stat.useItem.276":14,"stat.walkOneCm":366618,"achievement.openInventory":20,"stat.damageTaken":600,"stat.mobKills":63,"stat.mineBlock.22":4,"stat.mineBlock.35":8,"stat.useItem.54":1,"stat.useItem.383":11,"stat.flyOneCm":198845,"stat.deaths":1,"stat.drop":3,"stat.jump":473,"stat.useItem.324":4,"stat.playOneMinute":105891,"stat.fallOneCm":3119,"stat.damageDealt":6565,"stat.killEntity.Zombie":2,"stat.killEntity.Silverfish":56,"achievement.exploreAllBiomes":{"value":0,"progress":["Plains"]},"stat.useItem.35":286,"stat.useItem.272":86}