{"stat.useItem.89":143,"achievement.openInventory":17,"stat.damageDealt":20,"stat.useItem.3":3,"achievement.exploreAllBiomes":{"value":0,"progress":["Plains"]},"stat.useItem.324":3,"stat.useItem.53":49,"stat.useItem.5":132,"stat.useItem.355":2,"stat.flyOneCm":62898,"stat.useItem.95":112,"stat.useItem.38":23,"stat.drop":1,"stat.useItem.153":1,"stat.useItem.47":18,"stat.leaveGame":1,"stat.playOneMinute":149785,"stat.useItem.109":51,"stat.useItem.330":3,"stat.walkOneCm":157528,"stat.jump":31,"stat.useItem.77":8,"stat.useItem.20":9,"stat.useItem.171":26,"stat.useItem.98":86}