{"stat.useItem.22":19,"stat.useItem.276":16,"stat.walkOneCm":306396,"stat.leaveGame":1,"stat.killEntity.PigZombie":5,"stat.jump":366,"stat.fallOneCm":19327,"stat.entityKilledBy.PigZombie":4,"achievement.exploreAllBiomes":{"value":0,"progress":["Plains"]},"stat.useItem.35":102,"stat.useItem.259":4,"achievement.openInventory":22,"stat.killEntity.Chicken":1,"stat.damageTaken":3670,"stat.mobKills":35,"stat.useItem.46":1101,"stat.useItem.383":47,"stat.flyOneCm":1442330,"stat.deaths":8,"stat.drop":3,"stat.playOneMinute":184056,"stat.useItem.1":7079,"stat.entityKilledBy.Silverfish":1,"stat.damageDealt":4460,"stat.killEntity.Silverfish":26,"stat.useItem.272":49}