{"stat.useItem.276":8,"stat.useItem.89":4357,"stat.walkOneCm":787936,"stat.killEntity.EntityHorse":1,"achievement.openInventory":47,"stat.killEntity.Chicken":1,"stat.killEntity.Spider":1,"stat.killEntity.Enderman":1,"stat.mobKills":18,"stat.killEntity.Creeper":2,"stat.useItem.24":11,"stat.useItem.54":7,"stat.flyOneCm":1380379,"stat.useItem.12":1,"stat.useItem.267":1,"stat.drop":28,"stat.useItem.50":65,"stat.jump":652,"stat.swimOneCm":165504,"stat.useItem.95":356,"stat.playOneMinute":1891652,"stat.useItem.128":22,"stat.useItem.1":265,"stat.killEntity.Sheep":1,"stat.useItem.109":11,"stat.useItem.3":69,"stat.damageDealt":3200,"stat.killEntity.Squid":7,"stat.killEntity.Silverfish":1,"achievement.exploreAllBiomes":{"value":0,"progress":["Plains"]},"stat.useItem.35":443,"stat.diveOneCm":538047}